Volvo;BMW;Toyota;Кириличний рядок
Volvo;BMW;Toyota;Кириличний рядок
Volvo;BMW;Toyota;Кириличний рядок
Volvo;BMW;Toyota;Кириличний рядок
Volvo;BMW;Toyota;Кириличний рядок
Volvo;BMW;Toyota;Кириличний рядок
Volvo;BMW;Toyota;Кириличний рядок
Volvo;BMW;Toyota;Кириличний рядок
Volvo;BMW;Toyota;Кириличний рядок
Volvo;BMW;Toyota;Кириличний рядок
Volvo;BMW;Toyota;Кириличний рядок
Volvo;BMW;Toyota;Кириличний рядок
Volvo;BMW;Toyota;Кириличний рядок
Volvo;BMW;Toyota;Кириличний рядок
Volvo;BMW;Toyota;Кириличний рядок
